{"stats":{"minecraft:killed_by":{"alexsmobs:grizzly_bear":1},"minecraft:picked_up":{"minecraft:birch_sapling":1},"minecraft:used":{"alexsmobs:animal_dictionary":1},"minecraft:custom":{"minecraft:jump":39,"minecraft:time_since_rest":64,"minecraft:leave_game":1,"minecraft:deaths":1,"minecraft:sprint_one_cm":2222,"minecraft:play_time":1484,"minecraft:damage_taken":200,"minecraft:time_since_death":0,"minecraft:walk_one_cm":13531,"minecraft:total_world_time":1874,"minecraft:fall_one_cm":2972,"minecraft:fly_one_cm":6208}},"DataVersion":2975}